date|time|description|vendor|amount
2025-07-18|06:08:15 PM|Dwarf Hairgrass|Aquashella Expo|-420.7
2023-04-27|03:18:22 PM|Aquarium Salt|PetSmart|-353.55
2023-08-15|06:40:42 AM|Anubias Nana|Fluval|-487.61
2023-07-08|10:10:26 AM|Cherry Barbs (Pair)|Aquashella Expo|-185.06
2025-06-30|03:44:21 AM|Tetra Flake Food|Seachem|-114.55
2025-04-18|06:04:46 AM|Cherry Barbs (Pair)|Aquashella Expo|-55.96
2023-10-06|09:49:00 AM|Frozen Bloodworms|Fluval|-303.32
2023-05-17|03:32:33 AM|Vitamins for Tropical Fish|Tetra|-94.76
2024-06-18|06:39:06 AM|Java Fern|Fluval|-95.8
2023-12-05|02:46:28 PM|AquaFest Revenue|Seachem|66.24
2023-08-27|08:30:42 PM|Water Quality Testing|Aquatic Plant Depot|-476.51
2024-01-22|09:31:34 AM|Angel Fish|AquaWorld Supplies|-95.19
2024-05-29|01:09:49 AM|Moneywort|Seachem|-358.82
2025-08-26|06:52:14 AM|Java Fern|Seachem|-252.03
2023-11-14|10:34:19 PM|Dwarf Hairgrass|Seachem|-367.69
2025-09-10|04:38:07 PM|Hardscape Design Basics|FreshFin Aquatics|389.79
2024-05-05|07:51:55 PM|Water Quality Testing|Omega One|-29.19
2023-07-15|08:18:36 AM|Betta Revive|Tetra|-393.2
2025-10-02|02:08:11 AM|Cherry Barbs (Pair)|Seachem|-206.21
2024-10-17|07:03:25 AM|Filter Media Change|PetSmart|-292.4
2023-12-01|08:30:48 PM|Dwarf Hairgrass|Seachem|-373.73
2025-10-15|06:11:55 PM|Pygmy Corydoras Catfish (6 Pack)|Tetra|-250.26
2024-10-29|07:04:40 PM|Ich-X Treatment|Aquashella Expo|-154.75
2023-11-30|12:27:19 AM|Live Demo: Building a Nano Tank|Aquatic Plant Depot|149.27
2025-06-03|04:03:13 PM|Frozen Bloodworms|AquaLuxe Design|-112.8
2024-11-13|02:29:18 PM|Aquashella Orlando Booth Sales|Omega One|1347.59
2025-01-09|10:17:57 PM|Algae Wafers|AquaWorld Supplies|-107.29
2025-01-21|09:02:22 PM|Fish Food - Pellets|Tetra|-342.04
2025-05-29|09:40:13 PM|Java Fern|Fluval|-443.55
2024-11-29|10:29:18 AM|Filter Replacement Service|PetSmart|-161.25
2023-10-12|07:44:13 AM|AquaFest Revenue|FreshFin Aquatics|1207.73
2024-04-12|04:21:09 AM|Cryptocoryne Wendtii|FreshFin Aquatics|-15.78
2024-12-05|02:09:23 PM|Aquarium Setup Consultation|PetSmart|-282.44
2023-08-29|01:19:44 AM|Ich-X Treatment|Aquatic Plant Depot|-428.0
2025-06-24|10:39:48 PM|Java Fern|Aquashella Expo|-474.13
2025-02-08|06:06:00 AM|Filter Replacement Service|Tetra|-461.42
2024-08-31|01:50:49 AM|Tetra Flake Food|Seachem|-258.15
2025-04-02|10:38:47 PM|Betta Fish (Halfmoon)|Seachem|-182.22
2025-07-24|12:30:27 PM|Tetra Flake Food|AquaWorld Supplies|-117.61
2025-05-29|06:42:25 PM|AquaFest Revenue|PetSmart|1183.25
2024-11-21|05:44:09 AM|Tetra Flake Food|Aquashella Expo|-151.64
2023-12-20|03:07:20 AM|AquaFest Revenue|Seachem|793.58
2024-06-08|02:36:58 PM|Aquarium Setup Consultation|Aquatic Plant Depot|-68.44
2024-04-24|03:05:43 AM|Anubias Nana|AquaLuxe Design|-284.0
2024-11-20|05:02:31 PM|Amazon Sword|Tetra|-124.98
2024-06-24|09:24:11 PM|Amazon Sword|Omega One|-79.3
2024-04-03|03:04:32 AM|Ludwigia Repens|Tetra|-254.89
2023-07-23|07:24:06 PM|Aquashella Dallas Booth Sales|Tetra|968.06
2023-02-10|12:26:44 PM|AquaFest Revenue|Aquatic Plant Depot|1482.82
2025-09-17|11:41:26 PM|Celestial Pearl Danio|Seachem|-285.56
2023-06-23|03:43:33 AM|Water Conditioner - Prime|AquaLuxe Design|-437.69
2023-02-16|06:04:20 AM|Pea Puffer Trio|Aquatic Plant Depot|-156.04
2024-03-06|08:08:56 AM|Betta Revive|PetSmart|-318.85
2024-11-11|12:18:45 AM|Pump Repair|PetSmart|-385.35
2023-10-29|12:42:10 PM|Filter Replacement Service|AquaLuxe Design|-457.99
2025-10-08|11:57:38 AM|Planting Techniques Workshop|Tetra|583.44
2023-05-05|12:01:47 PM|Planting Techniques Workshop|PetSmart|744.49
2024-03-06|07:27:13 AM|Hornwort|PetSmart|-28.16
2024-01-13|08:59:30 PM|Cryptocoryne Wendtii|Aquatic Plant Depot|-462.73
2025-05-28|04:33:22 PM|Water Wisteria|Omega One|-168.07
2025-07-14|06:11:18 AM|Betta Tank Setup Lesson|Tetra|469.82
2023-07-17|08:24:46 PM|Amazon Sword|FreshFin Aquatics|-11.03
2024-01-18|01:50:23 AM|Planting Techniques Workshop|FreshFin Aquatics|1207.75
2025-08-21|09:02:53 AM|Hardscape Design Basics|AquaWorld Supplies|1383.69
2023-10-11|02:27:06 AM|Tetra Flake Food|Omega One|-207.42
2023-05-31|04:20:56 AM|Electric Blue Cichlid|AquaWorld Supplies|-47.11
2023-09-25|07:05:15 AM|Betta Tank Setup Lesson|FreshFin Aquatics|1286.45
2023-01-10|10:55:43 AM|Filter Replacement Service|Fluval|-273.93
2024-11-05|01:47:00 PM|Pump Repair|Aquashella Expo|-352.63
2024-10-04|10:03:22 PM|Vitamins for Tropical Fish|Aquatic Plant Depot|-289.97
2024-11-19|04:06:26 AM|Hardscape Design Basics|Aquatic Plant Depot|126.98
2025-01-28|09:18:22 PM|Green Spotted Puffer Juvenile|Fluval|-233.25
2025-05-30|10:26:11 PM|Mystery Snail (Golden)|AquaLuxe Design|-194.64
2023-08-20|05:19:17 AM|Water Wisteria|Seachem|-457.37
2023-02-24|12:37:18 PM|Aquashella Orlando Booth Sales|FreshFin Aquatics|1074.86
2023-08-07|04:43:25 PM|Betta Tank Setup Lesson|Fluval|1431.19
2024-06-15|10:18:00 PM|Water Wisteria|FreshFin Aquatics|-420.25
2024-12-04|08:00:48 PM|Water Quality Testing|AquaWorld Supplies|-179.3
2024-02-29|04:57:33 AM|Cryptocoryne Wendtii|Omega One|-423.43
2023-01-04|04:16:07 AM|Anubias Nana|Fluval|-271.19
2024-09-25|05:35:08 AM|Live Demo: Building a Nano Tank|Fluval|790.25
2025-02-01|10:41:23 AM|Hornwort|Seachem|-208.05
2024-04-19|03:27:01 AM|Aquarium Expo Ticket Sales|Aquashella Expo|1491.7
2025-01-02|06:29:06 PM|Bumblebee Goby (Pair)|Fluval|-440.15
2023-02-02|03:49:14 AM|Betta Revive|AquaLuxe Design|-92.36
2025-01-13|03:37:29 PM|Aquarium Expo Ticket Sales|Seachem|596.57
2023-07-11|05:40:08 AM|Frozen Bloodworms|Aquashella Expo|-96.75
2023-03-31|03:15:59 PM|Aquarium Setup Consultation|FreshFin Aquatics|-146.17
2023-10-12|11:37:00 AM|Frozen Bloodworms|PetSmart|-297.4
2025-04-08|12:47:37 AM|Aquashella Orlando Booth Sales|FreshFin Aquatics|573.97
2025-05-14|03:25:48 PM|Ludwigia Repens|AquaLuxe Design|-297.31
2025-01-11|05:36:49 AM|Betta Revive|Aquashella Expo|-363.82
2023-04-21|10:45:42 PM|Aquashella Orlando Booth Sales|Fluval|1155.61
2023-11-14|05:01:56 PM|Planting Techniques Workshop|Omega One|1233.13
2023-04-14|01:25:42 AM|Ludwigia Repens|PetSmart|-306.64
2024-12-17|06:12:00 AM|Betta Fish (Halfmoon)|Tetra|-360.97
2024-01-06|04:13:46 AM|Betta Tank Setup Lesson|Seachem|633.51
2025-05-04|06:55:53 AM|Water Wisteria|Omega One|-293.15
2024-12-31|03:53:27 AM|Hornwort|Aquatic Plant Depot|-101.12
2023-10-30|04:30:14 AM|Intro to Aquascaping Class|Fluval|308.15
2025-08-28|09:40:13 PM|Moneywort|PetSmart|-411.24
2023-01-27|03:54:05 PM|AquaFest Revenue|Seachem|772.87
2023-08-06|04:42:48 AM|Kuhli Loach (3 Pack)|Aquatic Plant Depot|-397.46
2025-07-31|10:04:29 AM|Aquashella Dallas Booth Sales|Fluval|775.05
2024-07-01|11:09:39 AM|Aquashella Orlando Booth Sales|Omega One|1360.09
2024-07-17|06:11:20 PM|Java Fern|FreshFin Aquatics|-105.45
2025-03-25|03:13:03 PM|Dwarf Hairgrass|AquaLuxe Design|-286.3
2023-09-16|12:04:38 AM|Green Spotted Puffer Juvenile|AquaLuxe Design|-291.93
2023-07-14|12:44:51 AM|Water Conditioner - Prime|Aquashella Expo|-178.72
2023-08-31|10:09:06 PM|Betta Tank Setup Lesson|Tetra|340.59
2023-07-02|01:30:21 PM|Pea Puffer Trio|Fluval|-156.24
2025-09-19|01:02:05 AM|Betta Tank Setup Lesson|Fluval|485.83
2024-12-19|08:25:10 PM|Aquarium Salt|Aquashella Expo|-144.36
2025-03-05|08:17:04 AM|Green Spotted Puffer Juvenile|Omega One|-163.3
2024-08-23|10:00:10 AM|Aquashella Dallas Booth Sales|Aquashella Expo|896.18
2023-08-21|09:20:08 PM|Tetra Flake Food|FreshFin Aquatics|-216.06
2024-04-20|04:57:36 AM|AquaFest Revenue|Seachem|1380.81
2023-01-24|03:12:50 PM|Filter Media Change|PetSmart|-249.09
2025-04-29|09:24:54 AM|Intro to Aquascaping Class|Tetra|320.36
2024-04-05|02:33:38 PM|Frozen Bloodworms|PetSmart|-131.69
2024-02-09|09:37:40 PM|Filter Replacement Service|FreshFin Aquatics|-396.32
2023-02-09|11:14:08 AM|Mystery Snail (Golden)|AquaWorld Supplies|-107.35
2024-06-04|10:11:09 AM|Betta Tank Setup Lesson|AquaWorld Supplies|891.03
2025-08-31|12:21:08 AM|Aquarium Expo Ticket Sales|PetSmart|593.54
2023-01-11|10:26:06 AM|Pea Puffer Trio|PetSmart|-489.0
2023-07-17|08:24:46 PM|Amazon Sword|FreshFin Aquatics|-11.03
2025-01-11|10:16:26 PM|Glass Polishing Service|AquaLuxe Design|-266.35
2023-10-28|11:55:57 AM|Water Wisteria|PetSmart|-443.37
2024-02-14|08:51:42 PM|AquaFest Revenue|PetSmart|811.31
2025-03-19|09:10:14 AM|Intro to Aquascaping Class|PetSmart|519.19
2024-11-25|08:52:28 AM|Betta Revive|Seachem|-141.38
2023-09-16|06:14:47 PM|Bumblebee Goby (Pair)|AquaWorld Supplies|-258.31
2025-10-13|09:02:22 AM|Filter Replacement Service|Aquashella Expo|-38.23
2023-11-29|10:06:02 AM|Opaline Gourami|Seachem|-68.3
2024-09-16|09:46:02 AM|Anubias Nana|AquaLuxe Design|-468.29
2023-11-24|05:25:20 PM|Aquashella Dallas Booth Sales|Tetra|79.58
2024-05-01|08:05:03 PM|Algae Wafers|FreshFin Aquatics|-387.79
2024-08-03|12:12:03 AM|Algae Wafers|Tetra|-279.92
2025-05-14|03:33:23 PM|Pea Puffer Trio|Omega One|-223.38
2024-11-05|03:07:43 AM|Water Conditioner - Prime|Tetra|-88.51
2025-07-28|02:40:32 PM|Aquashella Orlando Booth Sales|FreshFin Aquatics|71.17
2023-05-16|08:03:17 AM|Hardscape Design Basics|Omega One|1453.8
2023-08-01|01:30:43 AM|Live Demo: Building a Nano Tank|Aquashella Expo|230.28
2023-09-26|09:54:33 PM|Fish Food - Pellets|FreshFin Aquatics|-446.77
2025-10-02|10:00:48 PM|Aquarium Expo Ticket Sales|FreshFin Aquatics|105.29
2023-09-06|04:36:30 AM|Water Wisteria|Aquatic Plant Depot|-267.19
2025-02-23|04:43:35 PM|Pump Repair|Fluval|-12.22
2024-02-24|01:09:06 AM|Live Demo: Building a Nano Tank|Tetra|788.38
2025-01-06|09:31:07 AM|Aquarium Salt|FreshFin Aquatics|-30.05
2023-12-05|07:36:35 PM|Betta Fish (Halfmoon)|Aquashella Expo|-384.77
2025-02-07|02:53:44 PM|Hornwort|Tetra|-443.64
2023-11-30|12:00:50 AM|Hornwort|AquaWorld Supplies|-433.66
2024-08-30|08:58:58 PM|Glass Polishing Service|Seachem|-266.05
2025-08-16|10:58:07 PM|Betta Tank Setup Lesson|Aquashella Expo|50.22
2023-11-21|07:47:38 AM|Anubias Nana|Tetra|-377.64
2024-07-30|01:52:50 PM|Aquarium Expo Ticket Sales|Fluval|752.8
2023-10-22|04:42:30 PM|AquaFest Revenue|Aquatic Plant Depot|1469.37
2023-01-22|02:30:11 AM|AquaFest Revenue|AquaWorld Supplies|282.23
2025-04-28|09:10:51 AM|Aquarium Expo Ticket Sales|Aquashella Expo|423.37
2024-02-27|11:43:43 PM|Aquashella Chicago Vendor Payment|Aquatic Plant Depot|521.87
2023-06-27|10:46:35 PM|Aquarium Setup Consultation|FreshFin Aquatics|-132.39
2024-04-20|04:57:36 AM|AquaFest Revenue|Seachem|1380.81
2025-06-13|09:34:19 PM|Glass Polishing Service|Fluval|-288.84
2023-09-06|07:06:06 AM|Anubias Nana|Omega One|-330.8
2023-09-18|05:49:38 AM|Planting Techniques Workshop|AquaWorld Supplies|1391.39
2025-09-08|04:21:33 AM|Aquarium Expo Ticket Sales|Aquashella Expo|717.42
2023-09-06|05:20:26 PM|Aquarium Setup Consultation|FreshFin Aquatics|-355.02
2024-03-31|10:10:55 AM|Glass Polishing Service|Aquatic Plant Depot|-479.8
2024-12-02|04:45:44 PM|Pea Puffer Trio|Seachem|-405.01
2023-05-19|08:49:32 AM|Pump Repair|Aquatic Plant Depot|-419.23
2023-03-11|07:43:15 AM|Tank Cleaning Service|Seachem|-34.36
2023-04-28|02:46:12 AM|Tetra Flake Food|Omega One|-328.36
2023-05-27|04:57:09 AM|Frozen Bloodworms|Fluval|-102.39
2024-11-02|05:27:18 AM|Dwarf Hairgrass|Omega One|-357.7
2023-07-10|04:55:47 PM|Planting Techniques Workshop|Fluval|1428.45
2024-03-15|01:45:46 PM|Planting Techniques Workshop|AquaLuxe Design|1359.45
2023-06-01|10:34:50 PM|Kuhli Loach (3 Pack)|Seachem|-47.01
2023-11-05|05:07:30 AM|Hardscape Design Basics|Seachem|337.23
2024-04-10|11:59:11 AM|Pygmy Corydoras Catfish (6 Pack)|Omega One|-495.09
2024-12-01|06:32:04 AM|Glass Polishing Service|AquaWorld Supplies|-278.04
2025-02-14|08:16:52 AM|Cryptocoryne Wendtii|AquaLuxe Design|-480.1
2025-09-02|06:42:06 AM|Betta Fish (Halfmoon)|FreshFin Aquatics|-255.7
2024-06-01|02:16:04 AM|Kuhli Loach (3 Pack)|AquaWorld Supplies|-98.45
2025-03-04|01:16:26 AM|Betta Fish (Halfmoon)|FreshFin Aquatics|-364.49
2024-03-03|10:25:54 PM|Betta Revive|Aquatic Plant Depot|-66.15
2025-05-19|11:32:07 AM|Hardscape Design Basics|PetSmart|298.67
2024-07-04|06:43:34 PM|Aquashella Orlando Booth Sales|AquaLuxe Design|1119.02
2023-10-18|06:22:40 PM|Aquashella Orlando Booth Sales|Fluval|843.47
2023-10-15|07:49:49 AM|Dwarf Hairgrass|Fluval|-234.47
2025-07-10|11:01:32 PM|Tetra Flake Food|Aquatic Plant Depot|-76.81
2025-05-17|01:57:25 PM|Aquarium Setup Consultation|FreshFin Aquatics|-191.93
2023-07-12|10:21:56 AM|Betta Tank Setup Lesson|Omega One|469.17
2023-03-01|02:02:52 AM|Hardscape Design Basics|Aquatic Plant Depot|142.93
2025-07-31|10:04:29 AM|Aquashella Dallas Booth Sales|Fluval|775.05
2025-07-19|02:43:25 AM|Water Quality Testing|PetSmart|-252.99
2024-09-06|07:11:14 AM|Aquashella Orlando Booth Sales|Seachem|389.38
2024-12-05|02:28:42 PM|Aquarium Salt|Omega One|-264.78
2023-08-15|06:57:05 PM|Hardscape Design Basics|Aquatic Plant Depot|1340.73
2025-04-24|08:06:33 AM|Water Conditioner - Prime|FreshFin Aquatics|-480.02
2024-09-06|07:11:14 AM|Aquashella Orlando Booth Sales|Seachem|389.38
2025-02-24|05:14:38 PM|Aquashella Chicago Vendor Payment|Fluval|488.12
2024-09-13|01:51:08 PM|Betta Tank Setup Lesson|AquaWorld Supplies|289.86
2024-03-04|09:09:43 PM|Opaline Gourami|PetSmart|-307.24
2023-07-02|07:03:53 PM|Ich-X Treatment|Tetra|-442.15
2025-03-07|01:29:25 AM|Aquashella Dallas Booth Sales|AquaLuxe Design|620.19
2025-09-10|08:38:49 PM|Dwarf Hairgrass|AquaLuxe Design|-296.01
2025-07-23|09:37:16 AM|Mystery Snail (Golden)|Seachem|-99.25
2023-01-23|10:28:18 AM|Celestial Pearl Danio|Aquashella Expo|-113.77
2024-02-17|04:30:18 AM|Cryptocoryne Wendtii|Tetra|-68.66
2024-09-01|12:52:01 PM|Hornwort|Omega One|-468.06
2024-12-08|03:39:27 AM|Vitamins for Tropical Fish|Omega One|-293.66
2023-11-07|05:11:00 PM|Moneywort|PetSmart|-296.94
2025-06-27|01:14:17 PM|Betta Tank Setup Lesson|Aquashella Expo|1245.55
2023-02-17|08:49:49 PM|Intro to Aquascaping Class|Aquatic Plant Depot|751.26
2024-01-17|04:57:57 PM|Pump Repair|Aquashella Expo|-39.03
2023-10-21|07:31:09 PM|Kuhli Loach (3 Pack)|FreshFin Aquatics|-482.63
2025-08-08|03:50:33 AM|Pygmy Corydoras Catfish (6 Pack)|FreshFin Aquatics|-299.99
2023-03-10|06:50:24 PM|Hardscape Design Basics|PetSmart|891.69
2023-02-19|04:35:10 AM|Amazon Sword|Aquatic Plant Depot|-432.94
2023-01-23|12:05:39 PM|Algae Wafers|Aquatic Plant Depot|-341.46
2025-09-13|09:50:42 PM|Aquashella Orlando Booth Sales|AquaLuxe Design|492.23
2025-09-25|01:51:37 AM|Hardscape Design Basics|AquaWorld Supplies|1259.3
2025-10-10|12:29:38 PM|Cherry Barbs (Pair)|FreshFin Aquatics|-143.54
2024-12-15|07:09:53 PM|Pea Puffer Trio|FreshFin Aquatics|-71.79
2024-11-18|07:48:19 PM|Planting Techniques Workshop|Seachem|1013.43
2024-11-02|03:24:28 PM|Frozen Bloodworms|AquaLuxe Design|-418.86
2024-02-02|09:59:13 PM|Fish Food - Pellets|Omega One|-357.77
2023-08-26|06:49:30 AM|Celestial Pearl Danio|AquaWorld Supplies|-229.64
2025-05-20|04:16:50 PM|Dwarf Hairgrass|Fluval|-494.2
2023-12-28|11:42:25 PM|Mystery Snail (Golden)|AquaLuxe Design|-352.17
2023-10-16|10:41:50 AM|Ich-X Treatment|FreshFin Aquatics|-169.37
2024-04-06|10:43:08 PM|Intro to Aquascaping Class|AquaWorld Supplies|795.63
2025-08-26|06:52:14 AM|Java Fern|Seachem|-252.03
2023-04-17|04:18:30 AM|Aquashella Orlando Booth Sales|FreshFin Aquatics|930.89
2025-02-24|10:48:48 AM|Hornwort|FreshFin Aquatics|-91.1
2023-04-20|03:52:57 PM|Aquarium Expo Ticket Sales|AquaWorld Supplies|916.03
2023-07-01|11:47:15 AM|Live Demo: Building a Nano Tank|Aquatic Plant Depot|407.3
2025-08-19|03:59:08 PM|Aquashella Dallas Booth Sales|AquaLuxe Design|1414.35
2023-02-13|07:28:33 AM|Betta Tank Setup Lesson|Aquatic Plant Depot|300.67
2024-09-18|05:23:46 PM|Betta Tank Setup Lesson|FreshFin Aquatics|1180.31
2024-02-26|01:26:35 AM|Ich-X Treatment|Aquashella Expo|-156.92
2025-07-31|09:53:31 AM|Tank Cleaning Service|PetSmart|-134.42
2025-04-05|09:31:50 AM|Dwarf Hairgrass|Aquatic Plant Depot|-109.11
2024-03-27|05:52:22 PM|Planting Techniques Workshop|Seachem|1210.62
2025-06-14|12:14:04 PM|Amazon Sword|Fluval|-46.12
2025-01-19|09:27:03 PM|Dwarf Hairgrass|Tetra|-96.7
2025-02-07|01:36:00 PM|Amazon Sword|Aquatic Plant Depot|-170.99
2023-09-14|10:50:21 PM|AquaFest Revenue|PetSmart|249.55
2025-10-13|02:42:35 PM|Live Demo: Building a Nano Tank|Aquashella Expo|1379.65
2024-01-09|02:39:51 PM|Bumblebee Goby (Pair)|AquaLuxe Design|-318.42
2023-03-20|05:03:19 AM|Hardscape Design Basics|AquaLuxe Design|962.25
2024-12-14|05:00:12 PM|Betta Tank Setup Lesson|Aquatic Plant Depot|1491.62
2024-08-14|08:46:08 PM|Aquarium Salt|Aquatic Plant Depot|-497.24
2023-09-06|09:43:00 PM|Aquashella Orlando Booth Sales|Seachem|611.68
2024-04-29|03:48:41 PM|Algae Wafers|AquaWorld Supplies|-258.48
2025-01-21|08:39:33 AM|Aquashella Chicago Vendor Payment|Aquatic Plant Depot|884.37
2025-09-17|07:53:29 PM|Aquarium Expo Ticket Sales|Aquatic Plant Depot|1297.0
2023-03-28|12:43:18 PM|Opaline Gourami|FreshFin Aquatics|-285.28
2023-02-16|05:33:18 AM|Intro to Aquascaping Class|Omega One|1018.76
2024-01-31|05:31:19 PM|Tetra Flake Food|Aquatic Plant Depot|-77.37
2024-07-26|10:10:13 PM|Ich-X Treatment|AquaWorld Supplies|-98.85
2023-01-26|10:31:08 AM|Filter Replacement Service|Aquashella Expo|-107.28
2025-04-12|08:37:06 PM|Filter Media Change|Aquatic Plant Depot|-326.97
2025-01-21|04:20:39 AM|Glass Polishing Service|Tetra|-446.78
2025-01-01|01:20:24 AM|Live Demo: Building a Nano Tank|Aquatic Plant Depot|472.48
2023-01-27|11:37:33 AM|Aquarium Setup Consultation|AquaWorld Supplies|-390.21
2025-08-22|06:38:24 AM|Aquashella Chicago Vendor Payment|AquaWorld Supplies|1063.56
2023-10-18|06:22:40 PM|Aquashella Orlando Booth Sales|Fluval|843.47
2025-08-16|02:19:12 PM|Planting Techniques Workshop|Omega One|749.25
2023-05-26|04:35:20 AM|Algae Wafers|Omega One|-116.14
2024-08-18|09:42:53 AM|Filter Media Change|Seachem|-77.84
2024-10-09|01:10:39 AM|Filter Replacement Service|Seachem|-316.75
2023-06-09|10:25:09 AM|Dwarf Hairgrass|AquaLuxe Design|-279.2
2023-11-22|01:53:33 PM|Planting Techniques Workshop|Aquashella Expo|689.14
2023-06-02|10:52:25 PM|Ludwigia Repens|AquaLuxe Design|-90.57
2024-04-12|04:21:09 AM|Cryptocoryne Wendtii|FreshFin Aquatics|-15.78
2023-12-16|06:23:50 AM|Filter Replacement Service|PetSmart|-356.08
2024-07-20|04:31:06 PM|Filter Replacement Service|Seachem|-350.7
2025-08-02|10:34:24 AM|Cryptocoryne Wendtii|FreshFin Aquatics|-370.27
2024-09-13|01:23:45 PM|Java Fern|Seachem|-334.0
2025-02-28|04:31:01 AM|Hornwort|Fluval|-44.74
2023-01-07|04:17:41 PM|Angel Fish|AquaWorld Supplies|-395.15
2025-01-09|10:17:57 PM|Algae Wafers|AquaWorld Supplies|-107.29
2023-07-10|07:29:59 PM|Angel Fish|PetSmart|-409.54
2024-04-15|06:28:16 AM|Aquashella Chicago Vendor Payment|Aquatic Plant Depot|1392.33
2023-10-20|03:32:03 PM|Electric Blue Cichlid|PetSmart|-393.14
2024-04-26|04:59:20 AM|AquaFest Revenue|Aquashella Expo|641.58
2024-07-29|04:48:20 AM|Aquarium Setup Consultation|AquaLuxe Design|-140.29
2024-09-12|12:11:26 PM|Anubias Nana|Fluval|-445.3
2023-03-19|03:30:40 AM|Water Conditioner - Prime|PetSmart|-109.8
2024-07-21|11:41:10 AM|Aquarium Expo Ticket Sales|Omega One|483.75
2024-09-08|02:50:17 PM|Opaline Gourami|FreshFin Aquatics|-452.46
2023-01-26|09:10:27 PM|Aquashella Orlando Booth Sales|FreshFin Aquatics|225.94
2024-11-04|04:22:22 PM|Amazon Sword|Omega One|-284.69
2024-08-29|03:59:56 PM|Aquarium Salt|AquaWorld Supplies|-317.5
2023-04-11|10:35:52 PM|Ich-X Treatment|Seachem|-275.45
2024-06-12|07:18:21 PM|Pygmy Corydoras Catfish (6 Pack)|Fluval|-253.0
2025-08-03|07:39:06 PM|Planting Techniques Workshop|Omega One|95.87
2023-09-17|04:46:12 AM|Tetra Flake Food|Tetra|-406.03
2023-09-02|11:39:59 AM|Electric Blue Cichlid|Omega One|-465.05
2024-02-14|10:05:14 AM|Betta Revive|Seachem|-198.63
2025-09-05|04:50:41 AM|Glass Polishing Service|Fluval|-121.08
2025-09-06|04:47:53 PM|Live Demo: Building a Nano Tank|Seachem|197.23
2024-01-19|10:09:46 PM|Hardscape Design Basics|AquaLuxe Design|1236.49
2025-03-18|11:12:05 AM|Amazon Sword|Aquatic Plant Depot|-372.77
2025-03-14|10:19:39 PM|Live Demo: Building a Nano Tank|Tetra|1467.53
2025-10-08|06:20:49 AM|Cherry Barbs (Pair)|Seachem|-17.7
2025-02-17|07:23:41 AM|Celestial Pearl Danio|FreshFin Aquatics|-345.22
2024-02-25|10:46:09 PM|Amazon Sword|Aquashella Expo|-17.64
2025-08-14|10:58:20 PM|Betta Fish (Halfmoon)|Tetra|-267.14
2024-04-17|12:34:27 AM|Tetra Flake Food|FreshFin Aquatics|-92.0
2025-02-12|01:21:36 PM|Betta Revive|Aquatic Plant Depot|-251.75
2023-10-14|04:09:22 AM|Hornwort|Fluval|-100.67
2024-06-21|07:39:07 AM|Live Demo: Building a Nano Tank|AquaLuxe Design|768.09
2023-08-10|09:44:52 PM|Mystery Snail (Golden)|Fluval|-227.38
2023-07-27|01:06:17 PM|Planting Techniques Workshop|PetSmart|247.99
2023-11-10|08:00:07 PM|Fish Food - Pellets|FreshFin Aquatics|-23.07
2025-07-15|11:51:17 PM|Intro to Aquascaping Class|Omega One|408.48
2023-07-28|10:22:03 PM|Mystery Snail (Golden)|Seachem|-65.78
2023-03-11|07:02:00 PM|Aquashella Dallas Booth Sales|Fluval|61.94
2024-12-15|06:41:19 AM|Tank Cleaning Service|Aquatic Plant Depot|-5.1
2024-03-21|10:49:32 PM|Water Wisteria|AquaLuxe Design|-386.33
2023-03-20|05:03:19 AM|Hardscape Design Basics|AquaLuxe Design|962.25
2025-04-27|07:24:02 AM|Aquashella Chicago Vendor Payment|Tetra|371.06
2024-06-29|08:01:01 PM|Amazon Sword|Aquatic Plant Depot|-35.59
2024-10-06|02:15:14 PM|Algae Wafers|Aquashella Expo|-208.6
2025-04-12|08:37:06 PM|Filter Media Change|Aquatic Plant Depot|-326.97
2023-03-24|04:49:39 PM|Frozen Bloodworms|Aquashella Expo|-397.45
2024-11-13|12:12:14 PM|Aquarium Expo Ticket Sales|Omega One|874.46
2025-09-05|04:50:41 AM|Glass Polishing Service|Fluval|-121.08
2023-03-13|12:47:25 PM|Angel Fish|AquaLuxe Design|-92.96
2024-10-22|05:22:20 AM|Hardscape Design Basics|Tetra|363.26
2024-10-13|04:44:30 AM|Betta Revive|AquaLuxe Design|-184.87
2024-11-10|06:22:30 AM|Planting Techniques Workshop|Aquashella Expo|1427.89
2024-10-04|03:20:24 PM|Water Quality Testing|Aquatic Plant Depot|-339.34
2024-10-29|07:04:40 PM|Ich-X Treatment|Aquashella Expo|-154.75
2025-07-14|08:17:22 PM|Aquashella Dallas Booth Sales|AquaLuxe Design|1491.66
2024-04-02|11:50:47 PM|Water Conditioner - Prime|PetSmart|-310.1
2025-08-10|04:31:34 AM|Aquashella Orlando Booth Sales|AquaWorld Supplies|524.8
2025-02-13|09:12:11 AM|Betta Tank Setup Lesson|AquaLuxe Design|1145.78
2023-06-12|04:37:48 AM|Hardscape Design Basics|AquaWorld Supplies|863.86
2023-09-03|02:15:38 PM|Vitamins for Tropical Fish|Aquatic Plant Depot|-438.46
2025-01-15|12:43:19 AM|Water Wisteria|Aquatic Plant Depot|-23.08
2024-04-27|12:19:24 AM|Aquashella Dallas Booth Sales|Fluval|846.85
2024-04-08|10:57:15 AM|Cryptocoryne Wendtii|AquaLuxe Design|-27.88
2024-08-17|07:33:48 AM|Intro to Aquascaping Class|Aquashella Expo|817.7
2023-12-23|10:22:38 PM|Tank Cleaning Service|AquaWorld Supplies|-475.87
2024-09-14|11:02:23 AM|AquaFest Revenue|AquaWorld Supplies|949.32
2023-08-10|09:44:52 PM|Mystery Snail (Golden)|Fluval|-227.38
2024-01-10|10:55:58 AM|Aquashella Dallas Booth Sales|Aquatic Plant Depot|671.36
2023-10-05|12:08:48 AM|Aquashella Orlando Booth Sales|PetSmart|128.12
2025-05-27|03:11:00 PM|Intro to Aquascaping Class|FreshFin Aquatics|396.09
2024-12-05|12:56:43 PM|Tank Cleaning Service|Aquatic Plant Depot|-363.3
2024-09-19|10:51:04 PM|Vitamins for Tropical Fish|AquaLuxe Design|-422.09
2025-10-15|06:11:55 PM|Pygmy Corydoras Catfish (6 Pack)|Tetra|-250.26
2024-06-30|08:05:44 AM|Algae Wafers|Aquatic Plant Depot|-236.05
2023-05-16|12:56:13 PM|Opaline Gourami|FreshFin Aquatics|-112.01
2023-09-13|07:16:20 PM|Aquarium Expo Ticket Sales|AquaWorld Supplies|575.11
2024-06-29|11:15:55 PM|Aquarium Expo Ticket Sales|Omega One|329.06
2025-09-19|01:02:05 AM|Betta Tank Setup Lesson|Fluval|485.83
2024-10-16|06:22:46 AM|Pea Puffer Trio|Seachem|-70.55
2025-02-15|06:19:13 PM|Aquarium Salt|Aquashella Expo|-421.52
2024-11-18|06:32:23 PM|Filter Replacement Service|Fluval|-155.17
2024-08-29|11:02:51 PM|Cryptocoryne Wendtii|FreshFin Aquatics|-430.41
2023-08-22|06:56:11 AM|Intro to Aquascaping Class|FreshFin Aquatics|352.58
2024-07-18|08:56:41 PM|Aquashella Dallas Booth Sales|Fluval|1401.85
2024-07-22|08:52:22 PM|AquaFest Revenue|AquaLuxe Design|764.1
2025-02-24|05:14:38 PM|Aquashella Chicago Vendor Payment|Fluval|488.12
2025-06-28|06:08:56 AM|Frozen Bloodworms|Omega One|-493.57
2024-07-19|03:45:48 PM|Betta Tank Setup Lesson|AquaWorld Supplies|476.33
2024-03-28|12:55:40 PM|Vitamins for Tropical Fish|Aquatic Plant Depot|-389.43
2024-11-05|05:36:03 PM|Green Spotted Puffer Juvenile|FreshFin Aquatics|-304.39
2023-03-20|09:30:02 PM|Betta Tank Setup Lesson|Omega One|98.09
2023-04-08|08:15:44 PM|Moneywort|Aquatic Plant Depot|-436.18
2023-03-01|01:50:30 AM|Intro to Aquascaping Class|Aquatic Plant Depot|1200.64
2023-06-02|11:41:00 AM|Planting Techniques Workshop|Aquashella Expo|835.15
2024-03-10|10:14:43 PM|Dwarf Hairgrass|Tetra|-108.23
2023-02-12|03:53:04 AM|Bumblebee Goby (Pair)|AquaLuxe Design|-143.66
2023-04-14|10:49:50 AM|Planting Techniques Workshop|Tetra|1210.25
2025-09-08|11:08:09 PM|Betta Revive|AquaLuxe Design|-131.76
2025-01-07|10:21:45 PM|Java Fern|Aquashella Expo|-213.33
2025-02-06|02:26:58 AM|AquaFest Revenue|Fluval|906.66
2025-03-23|09:38:06 AM|Java Fern|AquaLuxe Design|-32.28
2023-02-16|01:54:48 AM|Ich-X Treatment|AquaLuxe Design|-471.0
2025-03-21|06:02:03 PM|Bumblebee Goby (Pair)|AquaLuxe Design|-276.49
2023-08-14|05:34:50 PM|Filter Replacement Service|Seachem|-435.91
2023-10-17|10:29:04 PM|Amazon Sword|Tetra|-44.73
2023-10-19|12:56:35 PM|Aquashella Orlando Booth Sales|Fluval|935.01
2024-06-23|09:37:55 AM|Aquarium Expo Ticket Sales|Tetra|1054.38
2025-01-13|07:20:53 PM|Algae Wafers|AquaWorld Supplies|-105.7
2023-09-19|03:29:54 PM|Aquashella Chicago Vendor Payment|Fluval|1211.07
2023-11-05|12:41:55 PM|Intro to Aquascaping Class|Tetra|1375.15
2025-05-23|10:00:17 AM|Live Demo: Building a Nano Tank|Omega One|1055.83
2023-01-16|08:03:03 AM|Water Quality Testing|Aquatic Plant Depot|-59.21
2023-06-21|04:50:04 AM|Ich-X Treatment|PetSmart|-262.89
2023-01-14|07:48:37 PM|Filter Replacement Service|Aquashella Expo|-470.46
2025-04-19|04:14:59 PM|Aquarium Setup Consultation|FreshFin Aquatics|-331.64
2025-01-18|09:01:04 AM|Dwarf Hairgrass|Seachem|-65.63
2024-04-08|09:39:30 AM|Live Demo: Building a Nano Tank|PetSmart|65.09
2024-01-22|10:59:00 PM|Betta Fish (Halfmoon)|Aquashella Expo|-262.62
2025-01-15|01:29:05 AM|AquaFest Revenue|Fluval|494.11
2025-01-23|08:24:31 AM|Cryptocoryne Wendtii|Tetra|-477.49
2024-04-01|08:35:53 AM|Anubias Nana|Tetra|-312.56
2024-01-22|03:53:25 AM|Opaline Gourami|Fluval|-67.48
2024-02-23|04:38:25 PM|Bumblebee Goby (Pair)|AquaLuxe Design|-10.23
2024-04-25|04:47:03 PM|Cherry Barbs (Pair)|Aquashella Expo|-285.21
2025-04-16|10:49:06 AM|Frozen Bloodworms|Seachem|-406.63
2025-05-05|06:57:18 PM|Angel Fish|Tetra|-295.19
2024-06-22|04:45:22 PM|Glass Polishing Service|FreshFin Aquatics|-259.27
2024-04-06|06:14:18 PM|Filter Replacement Service|FreshFin Aquatics|-279.69
2023-11-25|09:04:52 PM|Anubias Nana|Tetra|-17.76
2024-08-29|11:02:51 PM|Cryptocoryne Wendtii|FreshFin Aquatics|-430.41
2024-02-25|08:02:21 PM|Amazon Sword|AquaLuxe Design|-205.95
2024-01-30|04:59:54 AM|Planting Techniques Workshop|PetSmart|257.84
2025-02-28|06:27:19 PM|Aquashella Chicago Vendor Payment|Seachem|258.26
2023-04-08|06:12:21 PM|Moneywort|Aquatic Plant Depot|-142.56
2025-10-15|09:47:13 AM|Aquashella Orlando Booth Sales|Tetra|1127.16
2023-10-02|12:52:09 AM|Java Fern|AquaLuxe Design|-359.99
2024-05-23|08:13:05 AM|Live Demo: Building a Nano Tank|FreshFin Aquatics|1347.95
2025-07-22|05:02:21 PM|Aquarium Expo Ticket Sales|Omega One|447.01
2025-02-25|09:22:02 AM|Aquarium Setup Consultation|Tetra|-172.12
2025-06-20|10:08:31 AM|Tank Cleaning Service|PetSmart|-107.99
2025-01-08|12:12:17 AM|Amazon Sword|AquaWorld Supplies|-185.98
2025-04-28|09:10:51 AM|Aquarium Expo Ticket Sales|Aquashella Expo|423.37
2024-08-05|08:22:42 AM|Pygmy Corydoras Catfish (6 Pack)|FreshFin Aquatics|-142.83
2023-10-20|01:45:59 AM|Opaline Gourami|Seachem|-272.93
2024-02-09|06:22:35 PM|Cherry Barbs (Pair)|Seachem|-187.96
2025-09-20|06:06:41 AM|AquaFest Revenue|FreshFin Aquatics|1113.81
2023-10-18|01:56:45 AM|Filter Replacement Service|AquaWorld Supplies|-445.46
2024-11-09|09:53:51 AM|Kuhli Loach (3 Pack)|Seachem|-470.45
2024-06-27|05:53:25 PM|Aquashella Chicago Vendor Payment|FreshFin Aquatics|447.8
2023-04-15|09:18:48 PM|Hardscape Design Basics|Tetra|848.35
2025-05-29|01:09:08 PM|Opaline Gourami|Fluval|-102.51
2023-06-23|08:50:35 AM|Live Demo: Building a Nano Tank|Aquatic Plant Depot|1073.18
2024-04-01|08:35:53 AM|Anubias Nana|Tetra|-312.56
2023-05-06|07:04:19 AM|Bumblebee Goby (Pair)|FreshFin Aquatics|-131.71
2023-04-08|07:35:03 AM|Tank Cleaning Service|PetSmart|-262.63
2023-02-07|05:04:11 AM|Filter Replacement Service|Aquashella Expo|-216.08
2025-05-30|07:44:26 AM|Amazon Sword|PetSmart|-302.88
2023-02-07|12:02:20 AM|Bumblebee Goby (Pair)|Aquashella Expo|-139.56
2023-06-26|10:49:58 AM|Mystery Snail (Golden)|Aquatic Plant Depot|-338.52
2023-06-27|11:51:27 AM|Filter Replacement Service|Seachem|-393.69
2024-02-26|09:25:50 AM|Java Fern|Tetra|-222.8
2023-01-01|02:18:19 PM|Tetra Flake Food|Fluval|-483.05
2024-06-25|12:31:47 PM|Aquarium Expo Ticket Sales|Fluval|1320.0
2023-08-16|09:37:20 AM|Tank Cleaning Service|AquaWorld Supplies|-239.23
2025-03-23|03:53:37 PM|Anubias Nana|AquaWorld Supplies|-122.37
2025-02-22|04:42:12 AM|Aquashella Chicago Vendor Payment|Aquashella Expo|131.74
2024-03-24|11:09:26 AM|Fish Food - Pellets|AquaWorld Supplies|-418.08
2025-03-05|12:26:20 AM|Aquarium Expo Ticket Sales|Aquatic Plant Depot|418.12
2023-06-06|11:59:40 PM|Pump Repair|Tetra|-383.34
2024-08-24|02:42:49 PM|Aquarium Setup Consultation|Omega One|-35.25
2023-01-04|08:01:59 AM|Filter Replacement Service|Omega One|-187.42
2025-06-11|12:50:13 PM|Frozen Bloodworms|Fluval|-256.76
2023-01-22|02:53:36 PM|Pea Puffer Trio|Omega One|-452.2
2024-11-10|02:53:09 AM|Fish Food - Pellets|Aquatic Plant Depot|-321.33
2023-08-24|10:33:57 PM|Bumblebee Goby (Pair)|FreshFin Aquatics|-33.07
2025-08-29|05:29:03 PM|Frozen Bloodworms|Aquashella Expo|-478.72
2023-06-12|06:24:34 AM|Planting Techniques Workshop|Aquashella Expo|1046.61
2024-08-17|08:20:17 PM|Aquarium Expo Ticket Sales|AquaLuxe Design|796.66
2023-02-21|01:59:37 PM|Pygmy Corydoras Catfish (6 Pack)|FreshFin Aquatics|-35.11
2023-12-28|05:56:35 AM|Green Spotted Puffer Juvenile|Seachem|-481.37
2023-10-27|06:39:19 PM|Aquarium Expo Ticket Sales|Aquatic Plant Depot|652.05
2025-03-01|03:02:26 AM|Aquarium Setup Consultation|Tetra|-297.01
2024-07-07|05:03:42 PM|Intro to Aquascaping Class|Fluval|210.77
2024-04-23|12:45:45 AM|Green Spotted Puffer Juvenile|Aquashella Expo|-439.33
2025-04-21|03:08:40 PM|Electric Blue Cichlid|Omega One|-182.85
2024-08-11|08:27:22 AM|Live Demo: Building a Nano Tank|Tetra|1095.39
2024-03-27|06:05:45 AM|Aquarium Salt|Omega One|-403.89
2023-03-08|06:32:16 PM|Live Demo: Building a Nano Tank|Omega One|199.99
2024-10-18|09:55:30 PM|Opaline Gourami|AquaWorld Supplies|-77.81
2025-03-11|05:05:07 AM|Betta Tank Setup Lesson|Seachem|1462.42
2023-03-04|08:38:54 AM|Betta Fish (Halfmoon)|PetSmart|-388.0
2025-09-21|05:35:51 PM|Hornwort|AquaLuxe Design|-99.95
2023-07-18|08:22:35 PM|AquaFest Revenue|Fluval|1357.38
2024-07-19|08:05:04 PM|Hardscape Design Basics|AquaWorld Supplies|361.17
2024-06-09|10:42:16 PM|Aquashella Orlando Booth Sales|Tetra|128.57
2024-11-23|08:53:00 AM|Tank Cleaning Service|Seachem|-324.05
2024-01-21|08:15:15 PM|Java Fern|Tetra|-116.94
2023-02-26|05:34:14 AM|Dwarf Hairgrass|FreshFin Aquatics|-68.54
2024-03-11|04:17:04 PM|Planting Techniques Workshop|PetSmart|1140.65
2023-06-13|04:51:11 PM|Betta Fish (Halfmoon)|PetSmart|-194.73
2024-12-17|03:32:04 PM|Betta Fish (Halfmoon)|Fluval|-22.35
2023-12-13|02:13:37 PM|Water Wisteria|PetSmart|-59.82
2024-08-29|07:37:04 PM|Dwarf Hairgrass|Seachem|-135.64
2023-07-07|07:21:34 PM|Angel Fish|AquaWorld Supplies|-33.12
2024-05-10|06:09:24 PM|AquaFest Revenue|Tetra|367.47
2024-03-19|04:29:43 AM|Live Demo: Building a Nano Tank|Tetra|411.97
2023-07-28|06:10:27 AM|Aquashella Dallas Booth Sales|FreshFin Aquatics|1048.24
2024-05-05|07:51:55 PM|Water Quality Testing|Omega One|-29.19
2023-10-13|06:25:41 PM|Mystery Snail (Golden)|Aquashella Expo|-390.16
2023-08-20|05:19:17 AM|Water Wisteria|Seachem|-457.37
2025-07-11|05:38:01 AM|Betta Tank Setup Lesson|Aquatic Plant Depot|1308.75
2024-07-16|03:32:19 PM|Java Fern|Tetra|-244.99
2024-01-21|02:50:38 PM|Live Demo: Building a Nano Tank|Omega One|484.95
2025-06-30|08:54:13 PM|Glass Polishing Service|Tetra|-66.24
2024-03-01|08:08:26 PM|Cryptocoryne Wendtii|FreshFin Aquatics|-136.32
2023-03-10|03:05:54 PM|Kuhli Loach (3 Pack)|PetSmart|-345.17
2025-06-20|10:55:09 PM|Betta Tank Setup Lesson|Aquashella Expo|838.71
2024-03-27|12:15:49 PM|Fish Food - Pellets|AquaLuxe Design|-228.56
2024-01-28|06:42:38 PM|Anubias Nana|Omega One|-486.06
2023-02-18|04:47:08 PM|Aquashella Dallas Booth Sales|Omega One|1214.32
2024-02-10|03:06:11 AM|Pump Repair|Tetra|-285.38
2024-12-18|06:15:10 PM|Amazon Sword|Omega One|-333.34
2023-05-22|12:19:25 AM|Betta Fish (Halfmoon)|Fluval|-468.89
2024-09-25|09:18:43 AM|Hardscape Design Basics|PetSmart|1077.88
2024-12-19|06:29:52 PM|Aquarium Setup Consultation|Omega One|-210.49
2023-01-12|10:14:12 PM|Java Fern|AquaLuxe Design|-440.93
2024-05-15|11:25:49 PM|Live Demo: Building a Nano Tank|PetSmart|605.75
2024-09-24|08:13:06 PM|Betta Tank Setup Lesson|Aquatic Plant Depot|1235.96
2023-12-16|04:04:57 AM|Dwarf Hairgrass|Aquashella Expo|-196.2
2023-01-22|02:53:36 PM|Pea Puffer Trio|Omega One|-452.2
2023-11-18|01:25:00 AM|Algae Wafers|Seachem|-457.37
2025-08-17|01:03:57 AM|Intro to Aquascaping Class|PetSmart|727.32
2024-10-01|07:16:00 AM|Java Fern|Tetra|-339.76
2023-07-28|08:29:21 PM|Ludwigia Repens|Aquatic Plant Depot|-372.85
2024-03-14|08:17:23 AM|Pygmy Corydoras Catfish (6 Pack)|Aquashella Expo|-327.92
2023-05-12|05:16:13 PM|Pump Repair|Fluval|-418.55
2023-07-22|02:59:56 AM|Pump Repair|Aquashella Expo|-427.43
2024-07-29|05:01:45 AM|Anubias Nana|Aquashella Expo|-205.43
2023-04-02|04:09:14 AM|Fish Food - Pellets|AquaLuxe Design|-151.14
2023-03-01|02:02:52 AM|Hardscape Design Basics|Aquatic Plant Depot|142.93
2023-12-22|04:30:31 AM|Glass Polishing Service|Seachem|-314.51
2024-07-13|04:35:16 PM|Live Demo: Building a Nano Tank|AquaLuxe Design|882.4
2023-04-04|09:39:55 PM|Amazon Sword|Fluval|-264.89
2024-04-06|06:14:18 PM|Filter Replacement Service|FreshFin Aquatics|-279.69
2024-01-07|11:13:12 PM|Ludwigia Repens|AquaLuxe Design|-273.27
2023-04-15|02:23:08 AM|Aquashella Orlando Booth Sales|Aquatic Plant Depot|1220.03
2023-12-01|01:54:15 AM|Water Conditioner - Prime|Fluval|-364.09
2023-02-13|07:28:33 AM|Betta Tank Setup Lesson|Aquatic Plant Depot|300.67
2023-11-29|02:50:05 PM|Filter Media Change|Fluval|-263.65
2024-04-13|02:22:45 PM|Vitamins for Tropical Fish|PetSmart|-328.61
2023-01-31|04:06:33 PM|Water Quality Testing|Omega One|-448.64
2025-08-17|09:26:34 AM|Bumblebee Goby (Pair)|AquaLuxe Design|-475.94
2024-10-13|11:59:59 AM|Algae Wafers|AquaLuxe Design|-424.39
2023-11-09|12:06:11 PM|Fish Food - Pellets|FreshFin Aquatics|-375.42
2025-09-22|08:27:15 PM|AquaFest Revenue|Aquashella Expo|898.25
2025-05-05|12:42:36 PM|Pump Repair|Fluval|-121.55
2023-07-29|02:30:38 AM|Amazon Sword|Tetra|-380.19
2024-06-01|09:30:11 PM|Moneywort|AquaWorld Supplies|-401.82
2025-04-09|04:20:53 PM|Live Demo: Building a Nano Tank|Omega One|275.23
2023-05-18|01:43:16 AM|Java Fern|AquaWorld Supplies|-72.57
2023-02-01|05:50:25 AM|Water Wisteria|FreshFin Aquatics|-250.93
2023-03-30|10:20:26 AM|Intro to Aquascaping Class|Tetra|882.49
2025-01-09|11:37:03 PM|Water Conditioner - Prime|Tetra|-418.03
2023-07-21|10:44:42 AM|Betta Tank Setup Lesson|Aquashella Expo|1353.45
2025-07-08|08:06:50 PM|Hornwort|Aquatic Plant Depot|-11.22
2023-01-09|01:38:23 AM|Moneywort|AquaLuxe Design|-222.18
2024-09-14|10:23:20 PM|Aquashella Chicago Vendor Payment|Tetra|1217.23
2025-05-29|07:15:11 PM|Amazon Sword|Omega One|-435.97
2025-07-02|02:39:47 PM|Frozen Bloodworms|Seachem|-392.23
2023-02-28|01:04:59 PM|AquaFest Revenue|FreshFin Aquatics|796.62
2024-04-14|07:53:16 AM|Live Demo: Building a Nano Tank|Tetra|177.31
2024-07-23|04:11:17 PM|Algae Wafers|Aquashella Expo|-319.98
2024-11-24|04:53:42 AM|Angel Fish|Seachem|-473.39
2024-04-26|06:19:31 AM|Live Demo: Building a Nano Tank|Aquatic Plant Depot|1244.52
2023-07-05|11:48:23 AM|Aquarium Setup Consultation|AquaLuxe Design|-245.72
2025-02-23|05:27:03 AM|Algae Wafers|Omega One|-19.07
2024-04-11|07:54:26 PM|AquaFest Revenue|Tetra|140.98
2023-01-22|01:50:04 PM|Pump Repair|PetSmart|-345.72
2023-03-27|02:58:25 PM|Aquashella Dallas Booth Sales|Tetra|263.75
2024-04-16|06:26:17 AM|Filter Replacement Service|Aquatic Plant Depot|-263.26
2025-07-08|04:08:59 PM|Planting Techniques Workshop|AquaWorld Supplies|488.03
2025-01-01|01:50:51 AM|Celestial Pearl Danio|Seachem|-123.61
2025-06-11|02:37:33 AM|Aquarium Expo Ticket Sales|Aquatic Plant Depot|838.52
2023-04-09|11:41:54 AM|AquaFest Revenue|AquaWorld Supplies|1157.53
2024-12-08|07:45:54 AM|Anubias Nana|FreshFin Aquatics|-73.77
2025-06-25|07:54:55 PM|Glass Polishing Service|Seachem|-141.09
2023-07-18|10:59:07 PM|Water Conditioner - Prime|FreshFin Aquatics|-460.77
2024-06-20|02:52:48 AM|Aquashella Dallas Booth Sales|Aquatic Plant Depot|1238.3
2023-04-12|01:05:09 AM|Dwarf Hairgrass|FreshFin Aquatics|-137.22
2023-03-16|10:19:57 AM|Algae Wafers|AquaLuxe Design|-284.53
2024-09-28|11:30:39 AM|Moneywort|Tetra|-381.22
2025-09-14|06:55:47 PM|Tank Cleaning Service|Omega One|-146.47
2023-02-06|07:06:35 PM|Live Demo: Building a Nano Tank|PetSmart|1288.1
2023-06-13|04:36:25 PM|Live Demo: Building a Nano Tank|Tetra|1110.15
2024-09-07|09:04:53 PM|Algae Wafers|AquaLuxe Design|-174.06
2023-10-28|10:15:45 PM|Ludwigia Repens|FreshFin Aquatics|-43.09
2025-03-04|01:06:42 PM|Fish Food - Pellets|FreshFin Aquatics|-315.54
2024-06-17|12:39:17 PM|Hardscape Design Basics|Seachem|626.89
2025-01-26|03:57:08 AM|Betta Fish (Halfmoon)|PetSmart|-204.25
2025-09-05|08:49:55 PM|Aquarium Setup Consultation|PetSmart|-99.38
2023-11-22|12:49:02 PM|Amazon Sword|FreshFin Aquatics|-324.51
2024-09-17|09:22:00 AM|Celestial Pearl Danio|Tetra|-123.78
2023-10-14|10:11:22 AM|Aquarium Expo Ticket Sales|PetSmart|810.42
2023-03-24|12:42:12 PM|Fish Food - Pellets|Seachem|-255.42
2025-02-22|09:52:34 PM|Water Conditioner - Prime|FreshFin Aquatics|-430.31
2024-05-14|01:13:09 AM|Tank Cleaning Service|FreshFin Aquatics|-58.15
2024-06-14|09:35:24 AM|Planting Techniques Workshop|FreshFin Aquatics|392.57
2025-07-28|02:51:30 AM|Live Demo: Building a Nano Tank|FreshFin Aquatics|284.28
2023-05-02|05:22:06 PM|Aquashella Chicago Vendor Payment|Omega One|259.34
2025-02-26|08:20:54 PM|Aquarium Expo Ticket Sales|Fluval|746.82
2024-02-20|04:05:59 PM|Betta Tank Setup Lesson|PetSmart|882.07
2023-02-16|11:25:57 AM|Anubias Nana|AquaWorld Supplies|-77.9
2023-11-04|09:12:37 PM|AquaFest Revenue|Seachem|1303.14
2023-06-28|06:32:07 AM|AquaFest Revenue|Seachem|534.26
2024-07-29|02:06:18 AM|Anubias Nana|Tetra|-419.03
2023-07-06|12:33:33 PM|Celestial Pearl Danio|Tetra|-385.31
2024-05-30|08:55:15 AM|Fish Food - Pellets|Fluval|-374.09
2023-04-11|06:26:59 PM|Planting Techniques Workshop|PetSmart|1107.12
2023-09-03|01:05:30 AM|Java Fern|Seachem|-231.14
2023-08-11|07:06:32 AM|Water Conditioner - Prime|AquaWorld Supplies|-309.85
2025-01-09|02:00:41 AM|Ich-X Treatment|Omega One|-436.65
2023-12-03|01:06:13 AM|Hornwort|AquaWorld Supplies|-365.81
2023-10-05|03:08:24 AM|Java Fern|AquaWorld Supplies|-197.3
2023-03-06|01:36:00 AM|Aquashella Chicago Vendor Payment|FreshFin Aquatics|132.01
2024-02-25|01:12:52 PM|Water Quality Testing|FreshFin Aquatics|-493.82
2024-09-01|08:05:21 AM|Pygmy Corydoras Catfish (6 Pack)|Tetra|-383.41
2023-10-11|01:03:45 PM|Ich-X Treatment|Seachem|-201.88
2023-10-13|06:25:41 PM|Mystery Snail (Golden)|Aquashella Expo|-390.16
2023-01-22|01:50:04 PM|Pump Repair|PetSmart|-345.72
2023-08-03|04:26:24 PM|AquaFest Revenue|Omega One|128.1
2024-11-03|03:01:48 AM|Aquashella Dallas Booth Sales|FreshFin Aquatics|552.19
2023-04-08|05:01:50 AM|Pygmy Corydoras Catfish (6 Pack)|Omega One|-218.68
2024-07-20|10:28:49 PM|Vitamins for Tropical Fish|Aquashella Expo|-203.83
2024-06-15|01:16:28 AM|AquaFest Revenue|Aquashella Expo|1171.35
2024-04-25|02:18:25 AM|Ich-X Treatment|Seachem|-414.21
2023-05-08|12:34:01 PM|Water Quality Testing|PetSmart|-183.7
2024-04-03|11:01:27 PM|Glass Polishing Service|AquaLuxe Design|-248.74
2024-01-20|07:24:14 AM|Water Quality Testing|AquaLuxe Design|-239.91
2023-06-20|05:33:23 AM|Aquarium Setup Consultation|AquaWorld Supplies|-308.86
2023-03-13|12:46:18 AM|Aquarium Salt|AquaWorld Supplies|-458.42
2025-09-19|06:32:11 AM|Frozen Bloodworms|AquaLuxe Design|-217.57
2023-06-16|10:29:20 PM|Pygmy Corydoras Catfish (6 Pack)|Aquatic Plant Depot|-95.24
2023-12-26|06:38:02 PM|Amazon Sword|FreshFin Aquatics|-187.17
2025-09-26|02:53:30 AM|Ludwigia Repens|AquaLuxe Design|-342.55
2025-05-12|02:09:49 AM|AquaFest Revenue|Aquatic Plant Depot|1043.6
2024-07-25|01:38:29 PM|Filter Replacement Service|AquaLuxe Design|-142.9
2024-04-24|06:55:57 PM|Electric Blue Cichlid|Tetra|-36.94
2023-02-22|05:55:09 AM|Kuhli Loach (3 Pack)|Aquatic Plant Depot|-150.24
2025-07-29|02:26:47 PM|Hardscape Design Basics|Tetra|309.71
2023-11-02|08:55:08 AM|Java Fern|Aquatic Plant Depot|-251.58
2023-07-10|04:59:45 AM|Electric Blue Cichlid|FreshFin Aquatics|-340.65
2024-04-10|11:59:11 AM|Pygmy Corydoras Catfish (6 Pack)|Omega One|-495.09
2023-01-31|06:50:27 PM|Aquashella Dallas Booth Sales|Aquatic Plant Depot|689.22
2024-04-16|05:40:08 AM|Anubias Nana|Fluval|-466.08
2024-09-07|02:29:22 AM|Amazon Sword|Aquashella Expo|-197.84
2025-01-25|08:44:10 PM|Betta Tank Setup Lesson|Fluval|1034.52
2024-06-16|07:24:56 AM|Aquarium Expo Ticket Sales|Seachem|898.85
2024-01-29|05:51:24 PM|Vitamins for Tropical Fish|Aquashella Expo|-329.89
2024-12-05|11:23:19 AM|Ich-X Treatment|Aquatic Plant Depot|-71.47
2023-08-24|09:09:37 PM|Live Demo: Building a Nano Tank|Omega One|1230.53
2025-08-12|11:09:26 PM|Aquashella Dallas Booth Sales|Omega One|211.03
2025-07-29|02:26:47 PM|Hardscape Design Basics|Tetra|309.71
2024-10-23|01:51:37 AM|Water Quality Testing|Fluval|-375.84
2025-07-13|01:13:30 AM|Frozen Bloodworms|Fluval|-300.91
2024-02-26|01:26:35 AM|Ich-X Treatment|Aquashella Expo|-156.92
2025-06-02|01:14:56 AM|Ich-X Treatment|Aquashella Expo|-108.26
2024-12-27|10:01:13 PM|Ich-X Treatment|AquaLuxe Design|-51.95
2024-05-15|01:26:15 PM|Pump Repair|AquaLuxe Design|-134.72
2025-09-21|04:28:44 AM|Kuhli Loach (3 Pack)|AquaWorld Supplies|-487.43
2024-07-27|08:38:50 AM|Anubias Nana|Aquatic Plant Depot|-55.19
2023-07-30|02:59:09 AM|Planting Techniques Workshop|PetSmart|258.36
2025-03-07|03:50:46 AM|Aquarium Expo Ticket Sales|PetSmart|1117.04
2024-06-15|11:25:00 PM|AquaFest Revenue|Fluval|1395.35
2023-08-11|09:27:46 AM|Vitamins for Tropical Fish|Aquashella Expo|-194.38
2024-10-29|11:25:07 AM|Live Demo: Building a Nano Tank|Seachem|1081.19
2024-02-10|02:17:21 PM|AquaFest Revenue|Seachem|192.31
2023-02-12|12:54:44 PM|Hornwort|Seachem|-10.52
2024-04-23|04:40:34 PM|Live Demo: Building a Nano Tank|Tetra|87.91
2023-10-10|08:37:11 AM|Moneywort|AquaLuxe Design|-112.12
2023-09-15|06:02:12 AM|Filter Media Change|Seachem|-344.12
2023-09-26|06:43:03 AM|Betta Revive|PetSmart|-207.12
2023-05-25|08:25:49 PM|Vitamins for Tropical Fish|Omega One|-334.74
2023-05-27|04:57:09 AM|Frozen Bloodworms|Fluval|-102.39
2025-03-06|10:51:51 PM|Planting Techniques Workshop|AquaLuxe Design|695.5
2024-08-07|02:29:45 AM|Opaline Gourami|Aquatic Plant Depot|-401.9
2024-01-10|01:11:12 AM|Hardscape Design Basics|Tetra|1394.12
2024-09-03|02:29:25 AM|Aquashella Orlando Booth Sales|AquaLuxe Design|1279.15
2024-11-10|01:31:27 AM|Ich-X Treatment|Tetra|-298.26
2025-05-30|10:56:27 PM|Betta Fish (Halfmoon)|AquaLuxe Design|-88.5
2023-09-19|07:50:16 AM|Cryptocoryne Wendtii|Fluval|-459.61
2025-04-30|04:18:43 AM|Hardscape Design Basics|AquaLuxe Design|1147.36
2024-03-22|01:51:36 PM|Aquashella Orlando Booth Sales|Aquashella Expo|252.87
2025-04-06|03:26:30 PM|Water Conditioner - Prime|Aquatic Plant Depot|-120.01
2025-04-05|09:31:50 AM|Dwarf Hairgrass|Aquatic Plant Depot|-109.11
2023-08-04|10:21:30 PM|Live Demo: Building a Nano Tank|Fluval|1199.54
2025-01-15|04:21:49 AM|Tank Cleaning Service|Tetra|-69.73
2023-03-29|05:41:19 PM|Tank Cleaning Service|PetSmart|-329.78
2025-07-12|11:22:22 PM|Aquashella Dallas Booth Sales|PetSmart|1206.07
2023-06-02|11:11:02 AM|Pygmy Corydoras Catfish (6 Pack)|Fluval|-433.79
2024-10-23|06:30:34 PM|Frozen Bloodworms|Aquashella Expo|-407.57
2023-01-26|09:10:27 PM|Aquashella Orlando Booth Sales|FreshFin Aquatics|225.94
2023-11-17|04:46:05 PM|Live Demo: Building a Nano Tank|Aquashella Expo|707.82
2025-09-06|12:34:04 AM|Anubias Nana|Fluval|-182.54
2024-02-14|08:51:42 PM|AquaFest Revenue|PetSmart|811.31
2023-10-28|02:21:00 AM|Intro to Aquascaping Class|PetSmart|938.45
2025-04-25|05:55:20 AM|Ludwigia Repens|AquaLuxe Design|-459.8
2025-02-27|11:16:59 AM|Live Demo: Building a Nano Tank|AquaWorld Supplies|1301.94
2025-02-08|08:16:54 AM|Aquashella Dallas Booth Sales|FreshFin Aquatics|773.24
2024-01-24|12:27:43 PM|Intro to Aquascaping Class|Tetra|98.39
2023-07-22|04:07:13 PM|AquaFest Revenue|Seachem|608.73
2024-04-21|11:09:42 AM|Live Demo: Building a Nano Tank|Aquatic Plant Depot|312.01
2023-08-15|04:11:28 AM|Water Conditioner - Prime|Aquashella Expo|-473.39
2025-08-31|12:21:08 AM|Aquarium Expo Ticket Sales|PetSmart|593.54
2025-01-26|03:57:08 AM|Betta Fish (Halfmoon)|PetSmart|-204.25
2024-02-16|05:21:18 PM|Vitamins for Tropical Fish|Tetra|-213.71
2025-08-13|02:36:45 AM|Bumblebee Goby (Pair)|PetSmart|-286.72
2023-07-18|05:49:04 PM|Cryptocoryne Wendtii|Seachem|-154.43
2023-09-17|06:02:00 AM|Live Demo: Building a Nano Tank|PetSmart|1422.89
2024-07-15|08:10:29 PM|Ich-X Treatment|Seachem|-255.67
2025-05-29|12:25:07 AM|Filter Media Change|AquaLuxe Design|-16.03
2023-02-20|10:41:34 AM|AquaFest Revenue|Seachem|505.26
2025-05-31|08:08:59 PM|Filter Media Change|AquaLuxe Design|-240.38
2024-05-06|03:13:27 AM|Moneywort|Tetra|-160.18
2023-02-16|01:31:13 PM|Live Demo: Building a Nano Tank|Seachem|1371.46
2023-06-01|01:09:56 AM|Amazon Sword|Omega One|-385.52
2024-04-24|03:50:29 AM|Filter Replacement Service|Fluval|-481.25
2024-05-30|12:28:45 AM|Dwarf Hairgrass|PetSmart|-159.11
2023-04-30|02:08:22 AM|Planting Techniques Workshop|Aquatic Plant Depot|377.46
2023-10-21|01:58:43 PM|Dwarf Hairgrass|Seachem|-365.34
2025-01-02|06:06:11 PM|Anubias Nana|Omega One|-313.47
2023-08-06|05:49:23 AM|Aquashella Chicago Vendor Payment|AquaWorld Supplies|1038.49
2023-08-19|05:56:59 AM|Pygmy Corydoras Catfish (6 Pack)|AquaWorld Supplies|-251.88
2024-03-04|05:17:38 PM|Filter Replacement Service|FreshFin Aquatics|-286.52
2023-04-01|05:50:19 PM|Betta Revive|PetSmart|-417.41
2024-03-03|10:25:54 PM|Betta Revive|Aquatic Plant Depot|-66.15
2024-09-29|08:40:42 AM|Moneywort|FreshFin Aquatics|-336.95
2023-12-11|02:30:24 PM|Moneywort|Aquashella Expo|-355.93
2023-05-29|01:25:43 PM|Betta Fish (Halfmoon)|Tetra|-402.52
2023-06-04|08:57:44 AM|Intro to Aquascaping Class|AquaWorld Supplies|1406.91
2023-02-07|08:12:21 AM|Dwarf Hairgrass|Aquashella Expo|-461.83
2023-03-01|06:51:59 PM|Tetra Flake Food|PetSmart|-351.64
2024-09-23|01:30:18 AM|Hardscape Design Basics|AquaLuxe Design|119.01
2025-10-09|10:08:42 PM|Filter Replacement Service|PetSmart|-228.61
2024-07-12|07:20:07 PM|Aquashella Orlando Booth Sales|Tetra|590.4
2025-09-22|05:27:40 AM|Aquarium Expo Ticket Sales|AquaLuxe Design|368.24
2024-05-08|01:12:13 PM|Water Wisteria|AquaLuxe Design|-35.34
2025-05-02|10:26:54 AM|Aquashella Dallas Booth Sales|AquaLuxe Design|548.92
2023-12-21|06:51:40 PM|Anubias Nana|Seachem|-65.56
2023-05-27|05:13:50 AM|Live Demo: Building a Nano Tank|Aquatic Plant Depot|438.33
2024-10-08|11:04:08 PM|Opaline Gourami|Tetra|-151.48
2024-10-11|01:05:50 AM|Fish Food - Pellets|PetSmart|-12.15
2025-04-22|01:48:13 PM|AquaFest Revenue|AquaWorld Supplies|1431.72
2023-08-29|01:59:48 PM|Glass Polishing Service|AquaWorld Supplies|-30.17
2023-02-15|10:36:07 PM|Frozen Bloodworms|Seachem|-233.07
2025-05-01|05:02:07 AM|Fish Food - Pellets|AquaWorld Supplies|-443.26
2025-08-22|04:39:40 PM|Fish Food - Pellets|AquaWorld Supplies|-389.92
2023-04-27|03:18:22 PM|Aquarium Salt|PetSmart|-353.55
2024-09-18|12:50:43 PM|Dwarf Hairgrass|Omega One|-211.47
2023-02-21|02:24:38 AM|Pea Puffer Trio|Aquashella Expo|-76.15
2024-08-08|03:54:13 PM|Aquashella Dallas Booth Sales|Omega One|1186.6
2023-12-11|09:54:56 PM|Pump Repair|FreshFin Aquatics|-60.54
2023-06-14|02:32:09 PM|Betta Tank Setup Lesson|Aquashella Expo|976.97
2023-12-08|01:06:37 PM|Filter Media Change|AquaWorld Supplies|-219.66
2024-08-03|06:16:50 AM|AquaFest Revenue|FreshFin Aquatics|708.33
2025-05-26|11:25:54 AM|Aquashella Dallas Booth Sales|Aquashella Expo|1064.12
2023-06-26|03:57:55 PM|Dwarf Hairgrass|Seachem|-76.77
2024-06-29|07:21:06 PM|Water Wisteria|AquaLuxe Design|-488.46
2024-11-25|10:22:34 PM|Electric Blue Cichlid|Tetra|-222.97
2023-06-08|11:28:27 PM|Cryptocoryne Wendtii|PetSmart|-254.81
2024-03-06|10:32:39 AM|Filter Media Change|PetSmart|-268.66
2023-12-09|12:34:44 PM|Aquashella Orlando Booth Sales|Omega One|464.34
2024-02-29|05:15:53 AM|Amazon Sword|Aquashella Expo|-221.89
2023-10-06|03:37:41 PM|Vitamins for Tropical Fish|Aquatic Plant Depot|-116.92
2025-01-11|05:36:49 AM|Betta Revive|Aquashella Expo|-363.82
2023-03-26|08:50:18 AM|Aquarium Expo Ticket Sales|PetSmart|289.6
2024-10-06|09:18:15 AM|Green Spotted Puffer Juvenile|Omega One|-212.71
2025-06-01|12:14:35 PM|Aquarium Setup Consultation|AquaLuxe Design|-491.34
2023-08-19|05:56:59 AM|Pygmy Corydoras Catfish (6 Pack)|AquaWorld Supplies|-251.88
2025-03-08|09:44:59 PM|Betta Tank Setup Lesson|Fluval|585.69
2024-12-17|01:11:24 AM|Planting Techniques Workshop|AquaLuxe Design|684.69
2023-07-01|10:33:53 PM|Ludwigia Repens|FreshFin Aquatics|-72.33
2023-12-12|08:27:23 PM|Aquarium Salt|Fluval|-289.8
2023-02-22|07:41:53 PM|Fish Food - Pellets|Tetra|-125.08
2023-08-24|09:09:37 PM|Live Demo: Building a Nano Tank|Omega One|1230.53
2024-12-15|02:47:01 AM|Algae Wafers|AquaWorld Supplies|-45.14
2023-03-07|06:18:13 PM|Pump Repair|Omega One|-479.27
2023-09-02|08:28:13 AM|Filter Replacement Service|AquaWorld Supplies|-362.44
2023-03-21|04:33:52 AM|Aquashella Dallas Booth Sales|Aquatic Plant Depot|841.67
2024-08-23|10:00:10 AM|Aquashella Dallas Booth Sales|Aquashella Expo|896.18
2024-01-09|03:55:12 AM|Water Wisteria|Aquashella Expo|-218.48
2023-10-26|08:18:08 AM|Pump Repair|Aquashella Expo|-342.96
2025-03-27|05:58:36 AM|Pea Puffer Trio|AquaLuxe Design|-428.18
2024-09-23|01:30:18 AM|Hardscape Design Basics|AquaLuxe Design|119.01
2023-08-04|07:26:46 PM|Betta Revive|Seachem|-272.43
2023-08-04|02:13:11 AM|Aquashella Orlando Booth Sales|Tetra|421.57
2023-02-09|09:04:25 AM|AquaFest Revenue|Fluval|812.24
2025-09-14|06:50:33 AM|Dwarf Hairgrass|Tetra|-31.96
2023-01-05|04:19:02 PM|Aquashella Orlando Booth Sales|Aquashella Expo|50.53
2023-03-27|02:58:25 PM|Aquashella Dallas Booth Sales|Tetra|263.75
2023-02-04|10:29:47 PM|Live Demo: Building a Nano Tank|PetSmart|400.28
2025-02-02|05:21:31 PM|Algae Wafers|Seachem|-312.26
2025-06-26|04:17:21 AM|Water Wisteria|FreshFin Aquatics|-166.39
2023-09-21|03:21:28 PM|Aquashella Dallas Booth Sales|Seachem|1275.29
2025-09-22|07:35:19 AM|Anubias Nana|Fluval|-464.75
2024-06-14|09:35:24 AM|Planting Techniques Workshop|FreshFin Aquatics|392.57
2025-02-13|03:57:36 PM|Water Wisteria|Aquashella Expo|-121.53
2023-12-01|08:45:11 AM|Live Demo: Building a Nano Tank|FreshFin Aquatics|972.12
2024-09-02|03:10:19 AM|Angel Fish|Aquashella Expo|-150.54
2025-01-04|07:49:41 PM|Aquashella Dallas Booth Sales|AquaWorld Supplies|769.3
2024-12-08|04:13:18 PM|Aquashella Dallas Booth Sales|Seachem|1389.47
2024-01-06|08:50:12 AM|Glass Polishing Service|Omega One|-172.66
2024-10-23|10:10:13 AM|Live Demo: Building a Nano Tank|Tetra|786.49
2025-03-07|12:19:28 AM|Aquarium Expo Ticket Sales|PetSmart|1101.06
2023-05-19|12:58:34 PM|Intro to Aquascaping Class|Omega One|1213.51
2024-06-12|07:05:54 AM|Fish Food - Pellets|AquaLuxe Design|-36.84
2023-10-25|06:31:06 PM|Aquarium Expo Ticket Sales|Omega One|529.98
2025-06-04|10:25:18 PM|Angel Fish|Fluval|-492.28
2023-12-15|03:34:38 PM|Filter Replacement Service|Seachem|-204.53
2024-08-06|07:02:22 AM|Aquashella Dallas Booth Sales|PetSmart|272.96
2023-11-16|12:19:09 AM|Ich-X Treatment|Omega One|-92.42
2023-07-13|05:38:31 AM|Cryptocoryne Wendtii|Aquatic Plant Depot|-429.09
2025-07-18|03:05:26 PM|Aquashella Orlando Booth Sales|Tetra|197.6
2024-12-06|12:35:12 PM|Celestial Pearl Danio|Fluval|-171.11
2023-02-09|02:30:51 PM|Dwarf Hairgrass|PetSmart|-281.32
2025-08-20|03:49:49 PM|Pea Puffer Trio|Aquatic Plant Depot|-377.23
2023-01-30|01:43:08 PM|Hornwort|PetSmart|-358.0
2025-03-05|05:09:40 PM|AquaFest Revenue|Aquatic Plant Depot|349.19
2024-07-31|04:26:54 PM|Ludwigia Repens|FreshFin Aquatics|-429.54
2025-02-01|09:12:21 AM|AquaFest Revenue|AquaWorld Supplies|471.87
2023-10-22|10:10:05 AM|Intro to Aquascaping Class|Omega One|1489.26
2024-11-02|03:24:28 PM|Frozen Bloodworms|AquaLuxe Design|-418.86
2023-11-05|04:40:34 PM|Hornwort|Omega One|-393.19
2024-01-01|03:14:31 PM|Intro to Aquascaping Class|AquaLuxe Design|1280.73
2025-02-07|03:12:42 PM|Aquashella Orlando Booth Sales|AquaWorld Supplies|1181.04
2024-01-01|02:53:49 AM|Aquarium Setup Consultation|Fluval|-139.0
2023-10-21|02:10:03 PM|Intro to Aquascaping Class|Tetra|1081.12
2023-08-02|06:58:58 AM|Water Conditioner - Prime|Tetra|-442.4
2024-03-04|01:02:14 AM|Filter Replacement Service|Aquashella Expo|-236.82
2024-07-22|08:52:22 PM|AquaFest Revenue|AquaLuxe Design|764.1
2024-11-15|12:48:31 AM|Intro to Aquascaping Class|AquaWorld Supplies|581.26
2025-01-22|07:30:38 AM|Aquarium Setup Consultation|Omega One|-204.86
2025-09-02|12:33:32 AM|Aquashella Orlando Booth Sales|FreshFin Aquatics|1048.76
2024-08-16|10:02:12 AM|Betta Fish (Halfmoon)|AquaWorld Supplies|-185.23
2025-02-02|12:21:30 AM|Fish Food - Pellets|Omega One|-98.0
2025-04-07|08:03:07 AM|AquaFest Revenue|AquaWorld Supplies|707.08
2024-03-10|11:45:18 PM|Tank Cleaning Service|Aquashella Expo|-297.66
2025-05-07|07:56:11 AM|Moneywort|AquaWorld Supplies|-460.94
2024-01-22|03:53:25 AM|Opaline Gourami|Fluval|-67.48
2023-12-23|10:22:38 PM|Tank Cleaning Service|AquaWorld Supplies|-475.87
2024-12-07|07:35:48 AM|Frozen Bloodworms|Aquashella Expo|-246.75
2024-01-04|08:04:47 AM|Pump Repair|Omega One|-122.61
2023-08-06|03:13:58 AM|Tank Cleaning Service|Fluval|-429.06
2023-06-29|09:32:11 PM|Pump Repair|FreshFin Aquatics|-339.57
2023-08-13|01:45:03 AM|Water Wisteria|Fluval|-79.58
2023-07-03|12:13:44 AM|Filter Media Change|Tetra|-355.27
2024-09-08|02:01:20 PM|AquaFest Revenue|PetSmart|84.93
2024-09-04|06:18:05 PM|Glass Polishing Service|PetSmart|-478.85
2024-02-27|09:09:24 AM|Betta Fish (Halfmoon)|FreshFin Aquatics|-412.23
2023-03-20|09:30:02 PM|Betta Tank Setup Lesson|Omega One|98.09
2025-04-04|02:19:14 PM|Aquashella Orlando Booth Sales|AquaLuxe Design|767.93
2025-03-04|10:32:08 PM|Ludwigia Repens|Seachem|-461.18
2024-09-01|11:38:23 PM|Frozen Bloodworms|Aquatic Plant Depot|-306.24
2023-01-12|06:27:37 PM|AquaFest Revenue|Aquashella Expo|1468.42
2023-10-18|07:56:56 PM|Bumblebee Goby (Pair)|Seachem|-154.61
2023-10-06|02:21:19 PM|Tank Cleaning Service|Aquashella Expo|-277.78
2024-12-23|05:30:11 PM|Filter Media Change|AquaWorld Supplies|-424.96
2023-01-25|06:52:46 AM|Water Wisteria|AquaWorld Supplies|-39.28
2025-08-15|09:12:40 PM|Pump Repair|Aquatic Plant Depot|-445.95
2024-01-08|04:21:58 PM|Betta Fish (Halfmoon)|AquaLuxe Design|-54.66
2023-10-13|06:25:41 PM|Mystery Snail (Golden)|Aquashella Expo|-390.16
2023-05-04|03:26:25 PM|Water Quality Testing|Aquashella Expo|-264.64
2023-09-26|01:52:35 PM|Filter Media Change|AquaLuxe Design|-484.83
2025-02-26|10:37:35 PM|Anubias Nana|Tetra|-496.67
2024-10-21|08:06:25 PM|Algae Wafers|PetSmart|-482.0
2023-08-11|09:05:40 PM|AquaFest Revenue|Seachem|1195.18
2024-09-04|04:12:08 AM|Betta Tank Setup Lesson|Seachem|328.63
2023-03-28|05:08:17 AM|Aquarium Expo Ticket Sales|Aquashella Expo|1092.1
2025-01-21|09:02:22 PM|Fish Food - Pellets|Tetra|-342.04
2024-06-30|02:08:19 PM|Water Conditioner - Prime|AquaWorld Supplies|-409.71
2025-04-18|03:45:09 AM|Planting Techniques Workshop|Omega One|365.53
2025-05-20|11:36:39 PM|Aquashella Chicago Vendor Payment|Seachem|454.22
2023-03-07|10:15:53 PM|Filter Media Change|PetSmart|-438.49
2023-09-07|04:04:44 AM|Water Quality Testing|Aquatic Plant Depot|-228.82
2024-01-27|10:51:10 AM|Anubias Nana|PetSmart|-64.63
2024-04-11|07:54:26 PM|AquaFest Revenue|Tetra|140.98
2024-02-06|02:31:09 AM|Algae Wafers|FreshFin Aquatics|-341.3
2024-03-11|03:30:42 AM|Hornwort|Seachem|-175.32
2025-04-02|07:28:10 PM|Bumblebee Goby (Pair)|AquaWorld Supplies|-358.48
2024-06-20|01:01:50 AM|Cryptocoryne Wendtii|Seachem|-115.82
2025-05-29|03:33:07 PM|Bumblebee Goby (Pair)|Fluval|-64.1
2024-03-09|03:49:27 AM|Aquashella Dallas Booth Sales|Seachem|1066.42
2023-11-04|01:32:04 PM|Cherry Barbs (Pair)|AquaWorld Supplies|-224.56
2024-12-09|12:40:08 PM|Intro to Aquascaping Class|Fluval|232.01
2023-11-02|08:07:12 PM|Aquashella Dallas Booth Sales|FreshFin Aquatics|504.78
2023-03-08|06:53:32 PM|Cryptocoryne Wendtii|Aquatic Plant Depot|-134.79
2024-08-03|05:23:56 PM|Planting Techniques Workshop|AquaLuxe Design|542.04
2025-07-31|04:14:39 PM|Hardscape Design Basics|Tetra|88.17
2025-08-31|08:08:53 AM|Hardscape Design Basics|AquaWorld Supplies|432.78
2023-12-09|04:19:17 PM|Aquarium Setup Consultation|Aquashella Expo|-354.65
2024-05-06|03:13:27 AM|Moneywort|Tetra|-160.18
2025-01-17|11:26:43 AM|Glass Polishing Service|Fluval|-380.08
2023-01-22|01:58:15 PM|Electric Blue Cichlid|Fluval|-377.16
2023-04-22|11:16:34 AM|Intro to Aquascaping Class|Aquatic Plant Depot|843.14
2023-01-26|10:11:02 AM|Celestial Pearl Danio|AquaWorld Supplies|-180.8
2025-08-01|05:35:48 PM|Ludwigia Repens|AquaLuxe Design|-101.99
2024-12-23|08:17:38 AM|AquaFest Revenue|PetSmart|176.12
2025-08-01|11:52:33 PM|Dwarf Hairgrass|Fluval|-134.66
2023-02-01|10:55:28 PM|Water Quality Testing|Aquashella Expo|-277.73
2023-10-11|04:05:48 AM|Filter Media Change|Tetra|-185.99
2023-10-13|08:23:26 PM|Java Fern|FreshFin Aquatics|-492.09
2023-04-25|01:59:27 AM|Aquashella Chicago Vendor Payment|Aquashella Expo|1436.12
2024-06-02|11:59:36 PM|Water Conditioner - Prime|Tetra|-71.85
2023-12-01|02:44:49 AM|Dwarf Hairgrass|AquaWorld Supplies|-186.46
2024-07-12|11:38:01 PM|Aquarium Salt|Omega One|-430.41
2024-02-17|03:33:46 AM|Aquarium Setup Consultation|Aquashella Expo|-319.48
2023-10-01|06:10:36 AM|Intro to Aquascaping Class|Fluval|722.15
2023-01-27|04:23:04 AM|Green Spotted Puffer Juvenile|FreshFin Aquatics|-46.39
2023-07-03|03:32:55 AM|Water Quality Testing|Tetra|-438.83
2025-10-09|12:21:04 PM|Ludwigia Repens|Omega One|-438.38
2025-08-02|06:12:49 PM|Aquashella Orlando Booth Sales|AquaLuxe Design|1085.08
2024-09-14|03:17:16 PM|Aquarium Expo Ticket Sales|AquaWorld Supplies|295.78
2024-12-30|10:44:08 AM|Aquashella Chicago Vendor Payment|FreshFin Aquatics|294.03
2024-06-02|01:05:46 PM|Intro to Aquascaping Class|Fluval|1054.13
2025-03-30|12:34:11 PM|Cryptocoryne Wendtii|Tetra|-43.09
2024-02-25|04:29:19 AM|Green Spotted Puffer Juvenile|AquaLuxe Design|-413.02
2025-01-07|02:21:58 PM|Cherry Barbs (Pair)|AquaWorld Supplies|-432.78
2023-07-01|11:50:17 PM|Mystery Snail (Golden)|PetSmart|-405.7
2024-10-27|12:42:45 AM|Live Demo: Building a Nano Tank|AquaWorld Supplies|564.32
2023-04-17|04:07:06 AM|Water Wisteria|Aquashella Expo|-283.89
2025-07-24|02:03:37 PM|Fish Food - Pellets|Aquashella Expo|-300.43
2025-02-05|04:21:56 PM|AquaFest Revenue|PetSmart|795.01
2023-10-04|02:08:58 AM|Kuhli Loach (3 Pack)|Fluval|-336.19
2025-07-28|11:10:52 PM|Hardscape Design Basics|Aquatic Plant Depot|687.37
2025-07-12|09:22:29 AM|Aquashella Dallas Booth Sales|Omega One|476.73
2025-08-21|04:25:13 PM|Betta Tank Setup Lesson|Tetra|174.14
2023-02-06|11:17:01 AM|Betta Fish (Halfmoon)|AquaLuxe Design|-8.07
2025-08-09|12:27:55 AM|Amazon Sword|Fluval|-227.5
2023-02-20|10:41:34 AM|AquaFest Revenue|Seachem|505.26
2025-09-04|08:31:54 AM|Angel Fish|AquaWorld Supplies|-65.18
2023-10-20|03:40:53 PM|Water Wisteria|Fluval|-85.45
2024-10-15|02:26:13 AM|Aquashella Chicago Vendor Payment|Seachem|887.43
2023-06-07|06:22:48 PM|Betta Fish (Halfmoon)|Tetra|-116.87
2025-09-28|09:14:07 AM|Java Fern|AquaWorld Supplies|-18.4
2023-03-24|12:42:12 PM|Fish Food - Pellets|Seachem|-255.42
2023-06-14|08:19:57 AM|Aquarium Expo Ticket Sales|AquaLuxe Design|771.04
2024-03-08|09:51:20 AM|Water Quality Testing|PetSmart|-374.37
2024-04-03|06:22:41 PM|Aquashella Chicago Vendor Payment|Omega One|1345.85
2023-11-22|05:42:49 PM|Aquarium Setup Consultation|PetSmart|-432.15
2024-01-08|05:55:24 AM|Glass Polishing Service|Omega One|-33.21
2024-06-17|01:53:04 PM|Aquashella Dallas Booth Sales|Omega One|262.76
2024-03-31|10:10:55 AM|Glass Polishing Service|Aquatic Plant Depot|-479.8
2024-08-17|07:33:48 AM|Intro to Aquascaping Class|Aquashella Expo|817.7
2023-11-09|03:11:13 AM|Aquashella Orlando Booth Sales|FreshFin Aquatics|563.7
2025-02-04|01:14:44 PM|Tank Cleaning Service|FreshFin Aquatics|-159.66
2024-05-10|07:29:46 AM|Aquashella Orlando Booth Sales|Seachem|704.59
2023-12-01|10:25:18 AM|Hardscape Design Basics|AquaLuxe Design|1322.26
2024-06-24|09:24:11 PM|Amazon Sword|Omega One|-79.3
2024-06-16|05:29:05 AM|Fish Food - Pellets|Omega One|-39.26
2023-06-10|04:28:56 PM|Planting Techniques Workshop|PetSmart|463.71
2024-02-14|12:02:15 AM|Angel Fish|Aquatic Plant Depot|-450.4
2024-01-07|04:52:32 AM|Filter Replacement Service|FreshFin Aquatics|-229.91
2024-09-28|07:30:33 PM|Betta Tank Setup Lesson|Tetra|374.12
2024-04-17|04:56:42 AM|Moneywort|Aquatic Plant Depot|-226.42
2024-01-28|09:45:00 AM|AquaFest Revenue|Aquashella Expo|848.7
2024-06-09|07:53:29 AM|Opaline Gourami|AquaLuxe Design|-312.2
2024-02-10|12:06:48 PM|Water Quality Testing|FreshFin Aquatics|-362.59
2024-02-20|05:35:47 PM|Intro to Aquascaping Class|Aquashella Expo|120.56
2023-02-26|09:06:26 AM|Aquashella Dallas Booth Sales|Seachem|563.95
2023-06-12|03:24:54 PM|Cryptocoryne Wendtii|AquaWorld Supplies|-284.27
2023-06-09|03:43:38 AM|Planting Techniques Workshop|FreshFin Aquatics|1493.66
2023-09-25|12:38:08 PM|Electric Blue Cichlid|Tetra|-348.95
2023-03-05|11:01:43 AM|Betta Revive|AquaLuxe Design|-26.14
2023-01-08|11:43:31 AM|Planting Techniques Workshop|Fluval|586.35
2024-10-02|11:54:59 AM|Ludwigia Repens|Aquashella Expo|-210.81
2025-04-17|05:48:22 PM|Pea Puffer Trio|AquaLuxe Design|-44.77
2025-07-09|12:23:47 AM|Intro to Aquascaping Class|PetSmart|837.91
2024-05-16|12:43:55 PM|Aquarium Setup Consultation|AquaLuxe Design|-10.58
2025-04-06|02:20:45 AM|Celestial Pearl Danio|FreshFin Aquatics|-284.73
2025-03-14|05:28:04 PM|Algae Wafers|Aquatic Plant Depot|-243.67
2025-04-11|11:27:14 PM|Water Conditioner - Prime|Aquashella Expo|-23.89
2023-11-07|03:44:22 PM|Aquashella Orlando Booth Sales|Tetra|379.85
2024-06-03|05:05:51 PM|Hardscape Design Basics|FreshFin Aquatics|941.15
2024-11-24|09:50:23 PM|Pygmy Corydoras Catfish (6 Pack)|Aquatic Plant Depot|-481.65
2024-01-20|09:57:13 AM|Mystery Snail (Golden)|Aquashella Expo|-299.02
2025-06-28|02:04:24 AM|Aquarium Expo Ticket Sales|Fluval|350.08
2025-03-02|01:48:54 PM|Filter Replacement Service|Omega One|-272.78
2024-06-11|11:31:23 AM|Aquashella Orlando Booth Sales|AquaLuxe Design|112.63
2025-01-22|01:32:49 AM|Kuhli Loach (3 Pack)|Omega One|-390.46
2023-02-05|07:44:32 PM|Green Spotted Puffer Juvenile|PetSmart|-200.05
2025-07-29|02:26:47 PM|Hardscape Design Basics|Tetra|309.71
2023-10-04|10:53:34 AM|Kuhli Loach (3 Pack)|PetSmart|-432.81
2023-01-11|10:26:06 AM|Pea Puffer Trio|PetSmart|-489.0
2024-10-03|02:14:38 PM|Anubias Nana|Aquashella Expo|-235.85
2024-03-10|10:14:43 PM|Dwarf Hairgrass|Tetra|-108.23
2023-05-02|10:13:13 AM|Anubias Nana|Aquashella Expo|-376.36
2025-05-28|04:33:22 PM|Water Wisteria|Omega One|-168.07
2024-12-19|10:00:43 AM|Ich-X Treatment|PetSmart|-245.48
2025-04-04|07:31:24 PM|Aquarium Expo Ticket Sales|Omega One|1097.69
2024-05-11|07:02:08 PM|AquaFest Revenue|AquaLuxe Design|1140.3
2023-02-24|05:48:25 PM|Opaline Gourami|AquaLuxe Design|-250.71
2024-06-08|11:59:35 AM|Filter Replacement Service|Aquatic Plant Depot|-275.67
2023-10-24|07:25:12 AM|Cherry Barbs (Pair)|AquaWorld Supplies|-102.36
2024-01-21|11:23:20 AM|Cryptocoryne Wendtii|Seachem|-186.12
2025-08-07|02:40:06 PM|Aquashella Chicago Vendor Payment|PetSmart|742.4
2024-04-08|09:39:30 AM|Live Demo: Building a Nano Tank|PetSmart|65.09
2023-01-24|03:12:50 PM|Filter Media Change|PetSmart|-249.09
2025-06-07|12:03:09 PM|AquaFest Revenue|Aquatic Plant Depot|909.45
2024-05-01|08:05:03 PM|Algae Wafers|FreshFin Aquatics|-387.79
2025-07-15|09:28:16 PM|Aquarium Expo Ticket Sales|PetSmart|1177.91
2025-07-08|02:11:42 AM|Pump Repair|PetSmart|-229.85
2024-12-30|06:00:54 PM|Betta Revive|AquaWorld Supplies|-468.97
2023-01-10|05:00:24 AM|Aquashella Orlando Booth Sales|AquaWorld Supplies|242.02
2024-03-19|02:27:38 PM|Filter Replacement Service|Aquatic Plant Depot|-147.49
2024-05-10|10:00:50 PM|Hardscape Design Basics|Omega One|407.82
2024-06-16|03:31:16 AM|Betta Tank Setup Lesson|AquaWorld Supplies|176.02
2025-09-16|10:58:27 PM|Aquarium Setup Consultation|Fluval|-202.95
2025-08-16|12:38:40 PM|Fish Food - Pellets|Aquashella Expo|-130.45
2025-07-22|05:02:21 PM|Aquarium Expo Ticket Sales|Omega One|447.01
2025-10-16|00:06:03|pea puffer|Zoozae|11.11
2025-10-16|00:06:33|brine shrimp eggs|Zoozae|-33.33
2025-10-16|09:57:37|Blood Worms Re-Stock|Zoozae|444.44
2025-10-16|10:33:53|Female Betta Fish Re-Stock|Zoozae|88.88
2025-10-16|10:35:37|40 Gallon Tank Re-Stock|Zoozae|88.88
